{
    "t": "2021-10-10T17:42:55.0000000Z",
    "sessionId": "c26b8f32-16f2-4333-b316-1f6eff082723",
    "sessionTimeElapsedMilliseconds": 2449.7209,
    "firstMessageEpoch": 1633887771937.0,
    "lastMessageEpoch": 1633887774386.0,
    "firstIotHubEpoch": 1633887771957,
    "lastIotHubEpoch": 1633887774675,
    "sessionRollingRate": 943.3727736086181,
    "messageSequenceNumberInSession": 2312.0,
    "asaTimingViolationsCounter": 2311.0,
    "minTransmissionDuration": 0.6573,
    "maxTransmissionDuration": 21.9038,
    "avgTransmissionDuration": 0.995973215058414,
    "minCycleDuration": 0.7138,
    "maxCycleDuration": 21.9641,
    "avgCycleDuration": 1.0598608827347471,
    "asaMessageCount": 2312.0,
    "avgDeviceToHubLatency": 42.584342560553637,
    "minDeviceToHubLatency": -13.0,
    "maxDeviceToHubLatency": 463.0,
    "avgHubToAsaLatency": 9.4974048442906582,
    "minHubToAsaLatency": -8.0,
    "maxHubToAsaLatency": 71.0
}